{"cameraMode":{"drawMode":0,"name":"Shaded","section":"Shading Mode"},"sceneLighting":true,"audioPlay":false,"sceneViewState":{"showFog":false,"showMaterialUpdate":false,"showSkybox":false,"showFlares":false,"showImageEffects":false,"showParticleSystems":false},"in2DMode":false,"pivot":{"x":-2.2582473754882814,"y":-7.203437805175781,"z":-4.171426773071289},"rotation":{"x":0.5481826663017273,"y":-0.18540561199188233,"z":0.12611716985702516,"w":0.8059222102165222},"size":67.97660827636719,"orthographic":false}