{"cameraMode":{"drawMode":0,"name":"Shaded","section":"Shading Mode"},"sceneLighting":false,"audioPlay":false,"sceneViewState":{"showFog":false,"showMaterialUpdate":false,"showSkybox":false,"showFlares":false,"showImageEffects":false,"showParticleSystems":false},"in2DMode":false,"pivot":{"x":2.3500001430511476,"y":6.780000686645508,"z":-25.970001220703126},"rotation":{"x":0.17531101405620576,"y":-0.5227652192115784,"z":0.1106860488653183,"w":0.8270729184150696},"size":14.04709243774414,"orthographic":false}