{"cameraMode":{"drawMode":0,"name":"Shaded","section":"Shading Mode"},"sceneLighting":true,"audioPlay":false,"sceneViewState":{"showFog":false,"showMaterialUpdate":false,"showSkybox":false,"showFlares":false,"showImageEffects":false,"showParticleSystems":false},"in2DMode":false,"pivot":{"x":61.88816452026367,"y":-16.770278930664064,"z":-38.9993782043457},"rotation":{"x":-0.4569627344608307,"y":0.2966660261154175,"z":-0.16532808542251588,"w":-0.8223949670791626},"size":72.44981384277344,"orthographic":false}