{"cameraMode":{"drawMode":0,"name":"Shaded","section":"Shading Mode"},"sceneLighting":true,"audioPlay":false,"sceneViewState":{"showFog":false,"showMaterialUpdate":false,"showSkybox":false,"showFlares":false,"showImageEffects":false,"showParticleSystems":false},"in2DMode":false,"pivot":{"x":3.934575080871582,"y":5.291678428649902,"z":-28.127273559570314},"rotation":{"x":-0.03490237146615982,"y":-0.9542362093925476,"z":0.12261371314525604,"w":-0.2711375057697296},"size":24.056827545166017,"orthographic":false}