{"cameraMode":{"drawMode":0,"name":"Shaded","section":"Shading Mode"},"sceneLighting":false,"audioPlay":false,"sceneViewState":{"showFog":false,"showMaterialUpdate":false,"showSkybox":false,"showFlares":false,"showImageEffects":false,"showParticleSystems":false},"in2DMode":false,"pivot":{"x":6.139999866485596,"y":8.199999809265137,"z":-27.25},"rotation":{"x":0.1422054022550583,"y":-0.20512650907039643,"z":0.029978614300489427,"w":0.9681205153465271},"size":1.1578763723373414,"orthographic":false}