{"cameraMode":{"drawMode":0,"name":"Shaded","section":"Shading Mode"},"sceneLighting":false,"audioPlay":false,"sceneViewState":{"showFog":false,"showMaterialUpdate":false,"showSkybox":false,"showFlares":false,"showImageEffects":false,"showParticleSystems":false},"in2DMode":false,"pivot":{"x":14.748054504394532,"y":2.539276599884033,"z":21.374366760253908},"rotation":{"x":0.31503623723983767,"y":-0.2562035024166107,"z":0.08850719779729843,"w":0.9097424149513245},"size":4.52638053894043,"orthographic":false}